{
  "name": "化学品卡",
  "sortnum": 5,
  "category": "laserio:cards",
  "icon": "laserio:card_chemical",
  "pages": [
    {
      "type": "patchouli:text",
      "text": "化学品卡用于在通用机械（Mekanism）的储罐等存储空间之间传输化学品。这些卡只在安装有通用机械的情况下可用。$(br2)超频器相关数值详见下页。"
    },
    {
      "type": "patchouli:text",
      "text": "mB/tick 数值（最大值）与超频器数量关系：$(br2)$(li)0 超频器：15,000mB/20t$(li)1 超频器：60,000mB/15t$(li)2 超频器：120,000mB/10t$(li)3 超频器：180,000mB/5t$(li)4 超频器：240,000mB/1t"
    },
    {
      "type": "patchouli:crafting",
      "title": "化学品卡",
      "recipe": "laserio:card_chemical"
    }
  ]
}