{
  "name": "物流卡存储器",
  "icon": "laserio:card_holder",
  "sortnum": 2,
  "category": "laserio:items",
  "pages": [
    {
      "type": "patchouli:text",
      "text": "物流卡存储器能摧枯拉朽地解决各式各样的物品栏问题！好吧，至少能很好地解决本模组的这类问题……合成物流卡存储器，再手持右击打开界面即可。本界面内物流卡的最大堆叠数为 64，但仅有 NBT 一致的会堆叠。（提示：可将物流卡合成为自身来重设 NBT。）"
    },
    {
      "type": "patchouli:text",
      "text": "可在存储器内直接编辑物流卡配置——右击物流卡即可（和节点内操作一致）。$(br2)注意：若某物流卡处堆叠有多余 1 张卡，则过滤器槽和超频器槽会被禁用，以防复制物品。#BlameSoaryn"
    },
    {
      "type": "patchouli:text",
      "text": "潜行时手持存储器右击，即可让其自动装载玩家物品栏内的物流卡！自动装载功能打开后，存储器会发出紫色光效，就好像被附魔了一样。再次潜行右击可关闭该功能。在打开节点界面时，若物品栏内有存储器，则存储器中的物流卡也会一并显示。"
    },
    {
      "type": "patchouli:text",
      "text": "注意：过滤器和超频器现在也可存入存储器了！只有无数据的过滤器会自动存入存储器。将其合成为自身可清除其中数据。$(br2)带有数据的过滤器仍可以手动放入存储器。"
    },
    {
      "type": "patchouli:crafting",
      "title": "物流卡存储器",
      "recipe": "laserio:card_holder"
    }
  ]
}