{
  "name": "能量卡",
  "sortnum": 3,
  "category": "laserio:cards",
  "icon": "laserio:card_energy",
  "pages": [
    {
      "type": "patchouli:text",
      "text": "能量卡用于在不同存储空间之间传输能量，如机器和电池。$(br2)能量卡的机制和其他几种物流卡略有不同，详细介绍可见后页。"
    },
    {
      "type": "patchouli:text",
      "text": "物品卡和流体卡需要超频器才能每 20 刻内运行多次，能量卡则不同，它在默认情况下就能每刻都运行。$(br2)能量卡不接受超频器，且能一直以最大 1,000,000FE/tick 的速度运作。此上限如有需求可以降低。"
    },
    {
      "type": "patchouli:text",
      "text": "能量卡有一个“能量限制（%）”设置——默认情况下，处于输入或存储模式时为 100%，而处于提取模式时为 0%。处于输入或存储模式时，该值代表输入的能量占总存量的最大占比。$(br2)例如：若毗邻方块最多能存有 1,000,000FE，将该值设为 50%，则节点最多会将其充能至 500,000FE。"
    },
    {
      "type": "patchouli:text",
      "text": "处于提取模式时，该值代表余下的能量占比。$(br2)例如：若从能存有 1,000,000FE 的能量单元中提取能量，将该值设为 25%，则节点不会在能量低于或等于 250,000FE 时继续提取。"
    },
    {
      "type": "patchouli:text",
      "text": "技术性注释：FE 能量系统支持某一能量单元存有最多 MAX_INT FE（大约 21.4 亿 FE）。若装有类似龙之进化（Draconic Evolution）和通用机械（Mekanism）的模组，它们会“修改”FE 系统的工作方式，以此让自己的能量单元可存有大于该值的能量。这就导致该数值对可存有大于 21.4 亿 FE 的能量单元无效。抱歉！:)"
    },
    {
      "type": "patchouli:crafting",
      "title": "能量卡",
      "recipe": "laserio:card_energy"
    }
  ]
}