{
  "name": "红石卡",
  "sortnum": 4,
  "category": "laserio:cards",
  "icon": "laserio:card_redstone",
  "pages": [
    {
      "type": "patchouli:text",
      "text": "红石卡用于在整个 LaserIO 网络中传输红石信号。$(br2)红石卡有专属的“红石频道”设置，与其他物流卡的频道相互独立。"
    },
    {
      "type": "patchouli:text",
      "text": "红石卡有两个模式：$(br2)$(bold)输入$()$(br)处于输入模式时，红石卡会接受红石粉、拉杆、按钮等外界红石信号，并在卡内设置的红石频道上传输该信号。$(br2)$(bold)输出$()$(br)处于输出模式时，红石卡会向红石粉、红石灯、红石中继器等外界方块传出信号。"
    },
    {
      "type": "patchouli:text",
      "text": "输出模式可调整信号的强弱。弱信号模式下，仅节点毗邻的方块会被充能，和红石粉类似。$(br2)强信号模式下，与节点毗邻的方块能进一步给它的毗邻方块充能，和拉杆类似。"
    },
    {
      "type": "patchouli:text",
      "text": "所有物流卡都有一个“红石模式”设置，默认为“忽略”，也即该卡会一直运行。$(br2)若设为“低”，则该卡仅会在其红石频道内$(l)无$()信号时工作。（红石频道按钮在红石控制按钮右侧。）$(br2)若设为“高”，则该卡仅会在其红石频道内有信号时工作。"
    },
    {
      "type": "patchouli:crafting",
      "title": "红石卡",
      "recipe": "laserio:card_redstone"
    }
  ]
}
