{
  "name": "物流卡复制器",
  "icon": "laserio:card_cloner",
  "sortnum": 2,
  "category": "laserio:items",
  "pages": [
    {
      "type": "patchouli:text",
      "text": "物流卡复制器可在物流卡间“复制粘贴”各项设置！在$(l:laserio:laser_node)激光节点$(/l)界面中，用鼠标拿起物流卡复制器，再左击物流卡，即可复制设置。$(br2)右击物流卡可粘贴设置。"
    },
    {
      "type": "patchouli:text",
      "text": "粘贴时，它会自行从可用的$(l:laserio:card_holder)物流卡存储器$(/l)中取出，或向其中放入$(l:laserio:overclocker_card)超频器$(/l)和$(l:laserio:filters)过滤器$(/l)。它不会从玩家的物品栏中取用物品。$(br2)如果缺少某种必需物品，则粘贴会失败，而$(l)不是$()粘贴一部分设置。"
    },
    {
      "type": "patchouli:crafting",
      "title": "物流卡复制器",
      "recipe": "laserio:card_cloner"
    }
  ]
}