{
  "name": "频道",
  "sortnum": 4,
  "category": "laserio:mechanics",
  "icon": "laserio:textures/gui/buttons/blankbutton.png",
  "pages": [
    {
      "type": "patchouli:text",
      "text": "物流卡仅能与同频道的其他卡交互。可借此在同一网络上构建多组路由逻辑。$(br2)例如，在“橙色”频道的提取模式卡只会尝试输出至同为“橙色”频道的输入模式卡，并忽略所有其他物流卡。"
    },
    {
      "type": "patchouli:text",
      "text": "比如，设置一张“橙色”频道过滤圆石的提取卡和一张“黑色”频道过滤煤炭的提取卡，并放入同一节点。$(br2)将一张橙色频道输入卡连至熔炉上方，一张黑色频道输入卡连入其下方。如此熔炉上方只会收到圆石，熔炉下方只会收到煤炭。"
    }
  ]
}