{
  "name": "精确",
  "sortnum": 6,
  "category": "laserio:mechanics",
  "icon": "laserio:textures/gui/buttons/exacttrue.png",
  "pages": [
    {
      "type": "patchouli:text",
      "text": "精确仅在提取和存储模式可用。$(br2)精确模式确保仅按“传输数量”栏的数值提取物品。例如，若传输数量设为 8，而毗邻箱子内仅有 5 个物品，则在其中该物品的数量达到 8 个前，提取卡不会运行。"
    },
    {
      "type": "patchouli:text",
      "text": "精确在存储模式下功能略有不同。只有在网络中某物品的数量达到存储需求，或达到传输数量时，精确设置才会抽取物品。$(br2)例如，若存储卡还需要 13 个物品，其本身能一次提取 32 个物品，则只在网络中其他位置存在 13 个物品时，该卡才会开始提取。"
    }
  ]
}