{
  "name": "传输数量",
  "sortnum": 7,
  "category": "laserio:mechanics",
  "icon": "laserio:textures/gui/buttons/modeextractor.png",
  "pages": [
    {
      "type": "patchouli:text",
      "text": "传输数量仅在提取和存储模式可用。$(br2)该设置决定单次运行提取所少物品、流体或能量。$(br2)例如，若设为每 20 刻传输 8 个物品，提取卡就会每 20 刻一次性提取 8 个物品。"
    },
    {
      "type": "patchouli:text",
      "text": "提取卡和存储卡默认值为 1，最大值为 8；除非装有$(l:laserio:overclocker_card)物流卡超频器$(/l)。传输数量最大值与超频器数量关系如下：$(br)1. 16$(br)2. 32$(br)3. 48$(br)4. 64$(br2)若想要一次提取 64 个物品，你需要装入 4 个超频器。"
    },
    {
      "type": "patchouli:text",
      "text": "左击传输数量增加 1，右击减少 1。按住 Shift 点击会以 10 的倍数调整传输数量，按住 Ctrl 则以 64 的倍数进行调整。$(br2)当然也可以同时按住 Shift 和 Ctrl，以 640 的倍数进行调整。$(br2)例如，按住 Shift 右击会将传输数量减少 10。"
    }
  ]
}