{
  "name": "基础过滤器",
  "sortnum": 1,
  "category": "laserio:filters",
  "icon": "laserio:filter_basic",
  "pages": [
    {
      "type": "patchouli:text",
      "text": "基础过滤器用于限制存储空间内允许存在何种物品。$(br2)过滤器内的槽是“幽灵槽”，它们不实际存放物品，只存放物品的信息。"
    },
    {
      "type": "patchouli:text",
      "text": "若装有 JEI，你可以直接从 JEI 物品列表内将对应物品拖至“幽灵槽”内。左击后拖出即可。"
    }
  ]
}