{
  "name": "计数过滤器",
  "sortnum": 2,
  "category": "laserio:filters",
  "icon": "laserio:filter_count",
  "pages": [
    {
      "type": "patchouli:text",
      "text": "计数过滤器可设置给定数量的物品，在不同模式的物流卡中效用不同。$(br2)具体数量可为 1 到 4096 间任意整数。左击增加，右击减少。按住 Shift 或 Ctrl 会分别以 10 或 64 的倍数进行调整。"
    },
    {
      "type": "patchouli:text",
      "text": "若计数过滤器处于存储卡中，其会尝试在对应存储空间内保有给定数量的资源。例如，放入设为 64 个圆石的计数过滤器，即可在箱子内保有 64 个圆石。$(br2)若计数过滤器处于输入卡中，其会限制提取卡向其输入物品的数量。"
    },
    {
      "type": "patchouli:text",
      "text": "若计数过滤器处于提取卡中，其会在存储空间中余下给定数量的物品。例如，放入设为 8 个圆石的过滤器，即可将对应箱子内所有物品取出，并保留 8 个圆石。$(br2)计数过滤器没有白名单与黑名单按钮；黑名单对计数过滤器来讲没有意义，所有计数过滤器都是“白名单模式”。JEI 相关操作与$(l:laserio:filter_basic)基础过滤器$(/l)一致。"
    }
  ]
}