{
  "name": "标签过滤器",
  "sortnum": 2,
  "category": "laserio:filters",
  "icon": "laserio:filter_tag",
  "pages": [
    {
      "type": "patchouli:text",
      "text": "标签过滤器用于按照资源的标签进行过滤。$(br2)标签是 Minecraft 为相似资源分组的一种方式。例如，在右侧可见铁锭有标签“forge:ingots”。金锭、铜锭、锌锭等也都有这个标签。$(br2)此标签过滤器能将所有的锭直接过滤至同一存储空间！"
    },
    {
      "type": "patchouli:image",
      "title": "标签过滤器界面",
      "images": [
        "laserio:textures/book/entries/filter_tag.png"
      ],
      "border": true,
      "text": "标签过滤器界面"
    },
    {
      "type": "patchouli:text",
      "text": "首先，在右上角的槽位中放入一个物品。该物品的所有标签会显示为$(#0000ff)蓝色$()。点击想要过滤的标签，按下“+”按钮即可。按住 Shift 再按“+”按钮能把所有标签全部加入过滤列表。$(br2)选中某标签并按“-”按钮，可移除该过滤标签。$(br2)也可以按住 Shift 点击来加入或移出。"
    },
    {
      "type": "patchouli:text",
      "text": "“X”按钮会清空整个列表。$(br2)该列表是“或”列表，也即只要有一个标签符合，该物品就能通过过滤。$(br2)标签过滤器不支持匹配 NBT，因为没有必要。"
    }
  ]
}