{
  "name": "NBT 过滤器",
  "sortnum": 3,
  "category": "laserio:filters",
  "icon": "laserio:filter_nbt",
  "pages": [
    {
      "type": "patchouli:text",
      "text": "NBT 过滤器的界面和功能均与$(l:laserio:filter_tag)标签过滤器$(/l)类似。$(br2)在右上角槽位中放置物品，可显示该物品的所有 NBT 标签。添加（操作与标签过滤器一致）至列表后，拥有这些标签的物品均会纳入过滤范围，不论标签的具体值是什么。"
    },
    {
      "type": "patchouli:image",
      "title": "NBT 过滤器界面",
      "images": [
        "laserio:textures/book/entries/nbt_filter.png"
      ],
      "border": true,
      "text": "NBT 过滤器界面"
    },
    {
      "type": "patchouli:text",
      "text": "例如，所有附魔物品均带有“魔咒”标签，对应抢夺、锋利等魔咒。将“魔咒”标签加入列表后，过滤器会滤出所有附魔物品。$(br2)附魔剑和未附魔的剑会进入不同的存储空间，不论其上具体带有什么魔咒。"
    },
    {
      "type": "patchouli:text",
      "text": "所有其他功能均与$(l:laserio:filter_tag)标签过滤器$(/l)一致，更多信息课参见该条目。"
    }
  ]
}