{
  "name": "基础机制",
  "icon": "laserio:logic_chip",
  "sortnum": 0,
  "category": "laserio:filters",
  "pages": [
    {
      "type": "patchouli:text",
      "text": "手持过滤器右击可打开其界面，也可通过在物流卡界面内右击过滤器打开。$(br2)过滤器用于限制输入，提取或存储何种物品。$(br2)1. 白名单或黑名单$(br)2. 匹配 NBT$(br)3. 过滤槽"
    },
    {
      "type": "patchouli:image",
      "title": "过滤器界面",
      "images": [
        "laserio:textures/book/entries/filter_basic.png"
      ],
      "border": true,
      "text": "基础过滤器界面"
    },
    {
      "type": "patchouli:text",
      "text": "白名单或黑名单$(br2)白名单允许通过过滤槽内的物品。也即输入卡会接受圆石，提取卡会提取圆石。$(br2)黑名单则全部反过来。"
    },
    {
      "type": "patchouli:text",
      "text": "匹配 NBT$(br2)启用匹配 NBT 时，物品的 NBT 标签也纳入过滤器过滤考察范围内。例如，剑会将其耐久度损耗存为 NBT。启用匹配 NBT 时，满耐久度的钻石剑视作不同于受损的钻石剑，附魔的和未附魔的亦然。$(br2)禁用匹配 NBT 时，所有钻石剑都被视为同一物品，无论其状态如何。"
    }
  ]
}