{
  "name": "激光节点",
  "icon": "laserio:laser_node",
  "sortnum": 0,
  "category": "laserio:blocks",
  "pages": [
    {
      "type": "patchouli:text",
      "text": "激光节点能与毗邻方块交互，是本模组中最为重要的方块。$(br2)诸如$(l:laserio:card_item)物品卡$(/l)的各式物流卡可以让节点传输物品、流体、能量或红石信号。"
    },
    {
      "type": "patchouli:image",
      "title": "激光节点",
      "images": [
        "laserio:textures/book/entries/laser_node1.png"
      ],
      "border": true,
      "text": "与箱子交互的节点"
    },
    {
      "type": "patchouli:text",
      "text": "节点的每个侧面都有接受物流卡的 3x3 方格。右击节点侧面以打开其界面。$(br2)可以用界面上方的按钮切换活动面，以免想调整的面不方便右击。$(br2)下页截图中的节点正与其西侧箱子交互。"
    },
    {
      "type": "patchouli:image",
      "title": "激光节点界面",
      "images": [
        "laserio:textures/book/entries/laser_node_gui1.png"
      ],
      "border": true,
      "text": "装有物流卡的节点界面"
    },
    {
      "type": "patchouli:text",
      "text": "节点能同时与不同侧面的存储空间交互。"
    },
    {
      "type": "patchouli:image",
      "title": "正在运作的激光节点",
      "images": [
        "laserio:textures/book/entries/laser_node2.png"
      ],
      "border": true,
      "text": "在两个箱子之间的节点"
    },
    {
      "type": "patchouli:text",
      "text": "节点可用$(l:laserio:laser_wrench)激光扳手$(/l)相互连接，从而连接相距较远的存储空间。节点间连接最大长度为 8 格。$(br2)若节点间距大于该距离，推荐选用$(l:laserio:laser_connector)激光连接器$()连接两者。"
    },
    {
      "type": "patchouli:image",
      "title": "相连的激光节点",
      "images": [
        "laserio:textures/book/entries/laser_node3.png"
      ],
      "border": true,
      "text": "相连的两个激光节点"
    },
    {
      "type": "patchouli:crafting",
      "title": "激光节点",
      "recipe": "laserio:laser_node"
    }
  ]
}