{
  "name": "高级激光连接器",
  "icon": "laserio:laser_connector_advanced",
  "sortnum": 2,
  "category": "laserio:blocks",
  "pages": [
    {
      "type": "patchouli:text",
      "text": "高级激光连接器和$(l:laserio:laser_connector)激光连接器$(/l)功能一致，可以连接至最远 8 格内的基础连接器和节点。$(br2)但是，它们只能与一个高级连接器相连，形成连接器对。对内高级连接器的连接范围没有距离上限——甚至能跨越维度！"
    },
    {
      "type": "patchouli:image",
      "title": "高级激光连接器",
      "images": [
        "laserio:textures/book/entries/laser_connector_advanced1.png"
      ],
      "border": true,
      "text": "两个互相连接的高级连接器"
    },
    {
      "type": "patchouli:text",
      "text": "如果某个高级连接器已经处于对中，再试图连接至另一个高级连接器，则原来的连接会断开，同时形成新链接。$(br2)手持$(l:laserio:laser_wrench)激光扳手$(/l)看向高级连接器时，它会显示相连的高级连接器的坐标。"
    },
    {
      "type": "patchouli:image",
      "title": "相连坐标",
      "images": [
        "laserio:textures/book/entries/laser_connector_advanced2.png"
      ],
      "border": true,
      "text": "显示相连的高级连接器的坐标"
    },
    {
      "type": "patchouli:text",
      "text": "高级激光连接器$(l)不会$()加载区块，这一任务需要靠你去完成！未加载区块内的节点不会运作。"
    },
    {
      "type": "patchouli:crafting",
      "title": "高级激光连接器",
      "recipe": "laserio:laser_connector_advanced"
    }
  ]
}