{
  "name": "激光连接器",
  "icon": "laserio:laser_connector",
  "sortnum": 1,
  "category": "laserio:blocks",
  "pages": [
    {
      "type": "patchouli:text",
      "text": "多个$(l:laserio:laser_node)激光节点$(/l)可由$(l:laserio:laser_wrench)激光扳手$(/l)互相直接连接，但连接长度不得超过 8 格。$(br2)激光连接器是造价较便宜的中介装置，专用于中继节点，由此可构建互相联通的激光网络。"
    },
    {
      "type": "patchouli:image",
      "title": "激光节点",
      "images": [
        "laserio:textures/book/entries/laser_connector1.png"
      ],
      "border": true,
      "text": "连接两个节点的连接器"
    },
    {
      "type": "patchouli:crafting",
      "title": "激光连接器",
      "recipe": "laserio:laser_connector"
    }
  ]
}