{
  "name": "能量限制",
  "sortnum": 10,
  "category": "laserio:mechanics",
  "icon": "laserio:card_energy",
  "pages": [
    {
      "type": "patchouli:text",
      "text": "能量限制仅在能量卡中可用。该值决定毗邻储能方块可操作能量的占比。$(br2)该值共有两种理解方式，存储和输入模式下是输入百分比，提取模式下是提取百分比。"
    },
    {
      "type": "patchouli:text",
      "text": "$(l)输入/存储限制$()$(br2)默认情况下，该值为 100%。该值表示将目标能量槽填充至多少百分比。$(br2)例如：若对应能量槽能保有 1,000,000FE，将该值设为 50%，节点仅会将其填充至 500,000FE。$(br2)默认值（100%）会将其充满。"
    },
    {
      "type": "patchouli:text",
      "text": "$(l)提取限制$()$(br2)默认情况下，该值为 0%。该值表示在目标能量槽中余下多少百分比。$(br2)例如：若对应能量槽能保有 1,000,000FE，将该值设为 50%，节点会提取至槽内仅余 500,000FE，并且不会再提取。$(br2)默认值（0%）会提出所有能量。"
    }
  ]
}