{
  "name": "节点超频器",
  "icon": "laserio:overclocker_node",
  "sortnum": 3,
  "category": "laserio:items",
  "pages": [
    {
      "type": "patchouli:text",
      "text": "节点超频器是较为复杂的元件。$(br2)每个$(l:laserio:laser_node)节点$(/l)每面同一刻仅能运行 1 张物流卡。$(br2)若节点某面有 3 张提取模式物流卡，同一游戏刻内只有第一张物流卡会运行，而第二张仅会在第一张卡什么都不做的情况下运行。"
    },
    {
      "type": "patchouli:image",
      "title": "无节点超频器",
      "images": [
        "laserio:textures/book/entries/overclocker_node1.png"
      ],
      "border": true,
      "text": "未装有节点超频器"
    },
    {
      "type": "patchouli:text",
      "text": "每个节点超频器允许节点某面同一刻多运行 1 张物流卡。节点一面最多能装 8 个节点超频器，使得 9 张物流卡能同时运行。$(br2)输入卡$(l)$(#ff0000)不$()需要超频器就能运行，$(l)只有$()提取卡和存储卡需要超频器。"
    },
    {
      "type": "patchouli:image",
      "title": "2个节点超频器",
      "images": [
        "laserio:textures/book/entries/overclocker_node2.png"
      ],
      "border": true,
      "text": "装有两个节点超频器"
    },
    {
      "type": "patchouli:crafting",
      "title": "节点超频器",
      "recipe": "laserio:overclocker_node"
    }
  ]
}