{
  "name": "物流卡超频器",
  "icon": "laserio:overclocker_card",
  "sortnum": 2,
  "category": "laserio:items",
  "pages": [
    {
      "type": "patchouli:text",
      "text": "物流卡超频器可加快单张物流卡的运行速度。$(br2)例如，物品卡仅能每 20 刻（1 秒）提取最多 8 个物品，但装入 4 个超频器就能达到每刻 64 个物品的传输速度！!$(br2)详细数值参见物流卡章节。"
    },
    {
      "type": "patchouli:crafting",
      "title": "物流卡超频器",
      "recipe": "laserio:overclocker_card"
    }
  ]
}