{
  "name": "优先级",
  "sortnum": 3,
  "category": "laserio:mechanics",
  "icon": "laserio:textures/gui/buttons/modeinserter.png",
  "pages": [
    {
      "type": "patchouli:text",
      "text": "优先级仅在输入模式可用。$(br2)优先级可以控制各卡运行的顺序。默认情况下，输入卡遵循“最近优先”原则，也即提出的物品等会优先输入距离最近的存储空间。"
    },
    {
      "type": "patchouli:text",
      "text": "修改输入卡的优先级设置，就能调整哪个存储空间优先被输入。优先级最高的输入卡第一个输出物品，例如：优先级 10 比优先级 0 高，优先级 0 又比优先级 -10 高。$(br2)同优先级的存储空间遵循“最近优先”原则。"
    },
    {
      "type": "patchouli:text",
      "text": "左击优先级增加 1，右击减少 1。按住 Shift 点击会以 10 的倍数调整优先级，按住 Ctrl 则以 64 的倍数进行调整。$(br2)当然也可以同时按住 Shift 和 Ctrl，以 640 的倍数进行调整。$(br2)例如，按住 Shift 右击会将优先级减少 10。"
    }
  ]
}