{
  "name": "红石模式",
  "sortnum": 11,
  "category": "laserio:mechanics",
  "icon": "laserio:textures/gui/buttons/redstonehigh.png",
  "pages": [
    {
      "type": "patchouli:text",
      "text": "红石模式决定给定$(l:laserio:redstonechannel)红石频道$(/l)上的红石信号如何影响该卡。$(br2)默认情况下，红石模式设为$(bold)忽略$()，也即物流卡会一直运行，不会受红石信号影响。"
    },
    {
      "type": "patchouli:text",
      "text": "$(br2)若其设为“低”，则该卡仅会在其红石频道内$(l)无$()信号时工作。（红石频道按钮在红石模式按钮右侧。）$(br2)若其设为“高”，则该卡仅会在其红石频道内有信号时工作。"
    }
  ]
}