{
  "name": "轮询调度",
  "sortnum": 5,
  "category": "laserio:mechanics",
  "icon": "laserio:textures/gui/buttons/roundrobintrue.png",
  "pages": [
    {
      "type": "patchouli:text",
      "text": "轮询调度仅在提取模式可用。$(br2)轮询调度能让提取卡将取出的物品、流体和能量平均分配至多个输入卡。$(br2)共有三种可用模式：$(br)1. 否$(br)2. 是$(br)3. 强制"
    },
    {
      "type": "patchouli:text",
      "text": "设置为$(l)否$()时，会禁用轮询调度功能，转而使用$(l:laserio:priority)优先级$(/l)系统：第一顺位存储空间填满后才会输出至第二顺位。$(br2)设置为$(l)是$()时，物品会根据优先级依次存入个箱子，平均分配。$(br2)若在网络内有 3 个箱子，第一组物品会存入第一顺位的箱子，第二组会存入第二顺位，如此循环。"
    },
    {
      "type": "patchouli:text",
      "text": "设置为$(l)强制$()时，大部分规则与“是”模式相同。但如果某存储空间被填满，提取卡便会停止运行，直到该存储空间可再次存入物品。$(br2)注意：区块卸载可能会导致轮询调度机制出现变动，尤其是在部分节点被卸载的情况下。"
    }
  ]
}