{
  "name": "传感模式",
  "sortnum": 12,
  "category": "laserio:mechanics",
  "icon": "laserio:textures/gui/buttons/modesensor.png",
  "pages": [
    {
      "type": "patchouli:text",
      "text": "传感模式与其他模式不同，它不会移动事物，而是会检查某个毗邻的容器/储罐/存储元件，校验其内容是否匹配过滤器。如果匹配，则其会在分配的红石频道上发出强度为 15 的红石信号。$(br2)传感模式的运作需要过滤器，否则就什么都做不了。"
    },
    {
      "type": "patchouli:text",
      "text": "装有基础过滤器时，传感卡会检查任意数量的事物。例如，装入过滤圆石的基础过滤器，则会检查毗邻箱子中是否有圆石。若有，则在给定红石频道上发出红石信号。$(br2)不论箱子中有 1 个圆石，还是 1000 个圆石，存储卡均会发出信号。"
    },
    {
      "type": "patchouli:text",
      "text": "装有计数过滤器时，传感卡会检查大于等于设定数量的事物。例如，装入过滤 32 个圆石的计数过滤器，则会在毗邻方块中有 32、33、34 等数目的圆石时发出信号。$(br2)不过，精确模式在计数过滤器中可用。若启用，则只会在 32 个圆石时发出信号，不多也不少。"
    },
    {
      "type": "patchouli:text",
      "text": "传感模式还有一个新按钮：与/或按钮。在“或”模式下，仅需一个过滤项匹配即可，过滤器的匹配规则同上。$(br2)例如，过滤 32 个圆石和 16 个玻璃，在“或”模式下，箱子中装有 32 个圆石，或是 16 个玻璃，或是两者均装有，都会触发信号。$(br2)在“与”模式下，所有过滤项均需匹配。同上例背景，箱子需装有 32 个圆石$(l)和$() 16 个玻璃才可触发。"
    },
    {
      "type": "patchouli:text",
      "text": "标签过滤器、模组过滤器的表现无变化。在“与”模式中装有标签过滤器，则存储空间内容物需匹配所有标签。无论单个物品匹配所有标签，还是多个物品分别匹配，均视作匹配。$(br2)节点每面每红石频道推荐只安排 1 张传感卡；多张传感卡可能产生竞争条件，导致结果出错。"
    }
  ]
}