{
  "name": "传输速度",
  "sortnum": 8,
  "category": "laserio:mechanics",
  "icon": "minecraft:textures/item/clock_00.png",
  "pages": [
    {
      "type": "patchouli:text",
      "text": "传输速度仅在提取和存储模式可用。$(br2)该设置决定物流卡运行的速度。默认值为 20 刻，即提取卡每 20 刻（1 秒）提取一次。"
    },
    {
      "type": "patchouli:text",
      "text": "提取卡和存储卡默认值（也是最小值）为 20，最大值为 1200；除非装有$(l:laserio:overclocker_card)物流卡超频器$(/l)。传输速度（刻）最小值与超频器数量关系如下：$(br)1. 15$(br)2. 10$(br)3. 5$(br)4. 1$(br2)若想每刻提取一次，你需要装入 4 个超频器。"
    },
    {
      "type": "patchouli:text",
      "text": "左击传输速度增加 1，右击减少 1。按住 Shift 点击会以 10 的倍数调整传输速度，按住 Ctrl 则以 64 的倍数进行调整。$(br2)当然也可以同时按住 Shift 和 Ctrl，以 640 的倍数进行调整。$(br2)例如，按住 Shift 右击会将传输速度减少 10。"
    }
  ]
}